date,time,summary
2021-01-29,07:00:00,"Elon Musk changes his X bio to “#bitcoin,” prompting posts like “Is Tesla buying BTC? Price about to moon!” on X."
2021-02-05,10:00:00,"X users amplify rumors of Tesla’s Bitcoin purchase, with comments like “Musk is all-in on BTC, buy now,” fueling FOMO."
2021-03-10,12:00:00,"@whale_alert posts about a large BTC transfer to an exchange, with X users warning “Big sell-off coming, BTC at risk.”"
2021-04-15,09:00:00,"Turkey bans crypto payments, with X posts warning “Turkey’s move could spook markets, BTC at risk,” signaling a dip."
2021-05-12,14:00:00,"Elon Musk tweets Tesla will stop accepting Bitcoin due to environmental concerns, sparking X panic: “BTC crashing soon.”"
2021-05-18,20:00:00,"China announces a crackdown on crypto services, preceded by X rumors: “China ban coming, BTC could drop hard.”"
2021-06-25,06:00:00,"UK FCA bans Binance operations, with X chatter like “Binance in trouble, BTC might take a hit,” preceding a price drop."
2022-06-15,12:00:00,"@whale_alert reports massive BTC move to exchange, with X posts saying “Bear market sell-off incoming, BTC to $20k?”"
2022-11-02,09:00:00,"CoinDesk reveals Alameda Research’s shaky balance sheet, heavily tied to FTT, causing X posts like “FTX in trouble?”"
2022-11-03,10:00:00,"X users react to CoinDesk’s report, with posts like “Alameda’s FTT exposure is bad news for BTC, sell now,” spreading fear."
2022-11-06,13:00:00,"Binance CEO CZ tweets about dumping FTT holdings, leading to X panic: “FTX collapse incoming, BTC will tank.”"
2023-04-01,09:00:00,"A major U.S. bank announced its pilot integration with a blockchain startup, boosting investor confidence. The news spurred a gradual increase in Bitcoin buying as institutional credibility improved, setting the stage for further upward momentum."
2023-04-21,09:15:00,"The European Union released a regulatory statement that introduced temporary uncertainty in the crypto markets. Traders reacted cautiously as the news led to a short-term dip in Bitcoin prices, reflecting concerns over potential regulatory clampdowns."
2023-05-11,09:30:00,"A renowned crypto influencer issued a warning about an imminent market crash, triggering a brief but sharp selloff. The event intensified negative sentiment across social media platforms, leading to heightened price volatility in Bitcoin."
2023-05-31,09:45:00,"A global macroeconomic report highlighted rising inflation and the possibility of interest rate hikes, prompting investors to view Bitcoin as a hedge. This macro backdrop led to a modest rally in Bitcoin amid increasing demand for alternative assets."
2023-06-20,10:00:00,"Rumors of an imminent Bitcoin ETF approval spread on social media and were amplified by influential market commentators. The optimistic buzz generated rapid buying activity, significantly lifting Bitcoin’s price in the short term."
2023-07-10,10:15:00,"A security breach at a leading cryptocurrency exchange raised major concerns about asset safety. Investor trust took a hit, leading to a sharp drop in Bitcoin’s price as the market debated the risks of centralized platforms."
2023-07-30,10:30:00,"Positive coverage from a major tech conference hinted at accelerated blockchain adoption. Institutional investors rallied behind the news, and Bitcoin’s price benefited from increased market optimism and buying pressure."
2023-08-19,10:45:00,"Algorithmic trading strategies triggered a coordinated selloff during a period of global market turbulence. Bitcoin was pushed into oversold territory, and quick price corrections ensued amid short-term volatility."
2023-09-08,11:00:00,"A landmark court decision provided greater regulatory clarity on digital assets. The ruling was viewed as a long-term positive for Bitcoin's legitimacy, stabilizing the market and encouraging investor confidence."
2023-09-28,11:15:00,"Increased government scrutiny over crypto transactions sparked short-term panic. The resulting risk-off sentiment led traders to reduce their positions, causing Bitcoin's price to temporarily drop."
2023-10-18,11:30:00,"A major technology firm hinted at future blockchain integration during a product announcement, reigniting investor optimism. This forward-looking statement led to a renewed price rally as market participants anticipated further institutional adoption."
2023-10-23,15:00:00,"X influencers post about ETF filings, saying “SEC softening on Bitcoin, price ready to rip,” fueling bullishness."
2023-11-07,11:45:00,"Amid persistent global economic uncertainty, Bitcoin outperformed traditional assets, reinforcing its role as a digital safe haven. The event drove investors to reallocate capital into Bitcoin, bolstering its price."
2023-11-27,12:00:00,"Rumors about the potential issuance of a national central bank digital currency sparked debate among crypto enthusiasts. The ensuing uncertainty exerted temporary pressure on Bitcoin, as investors weighed the risks and opportunities of competing digital assets."
2023-12-03,14:00:00,"X users discuss ETF momentum, posting “Inflation cooling, ETFs coming, BTC’s unstoppable,” boosting market optimism."
2023-12-17,12:15:00,"Anticipation around the upcoming Bitcoin halving event fueled speculative buying. Traders positioned themselves for long-term gains, and the sustained optimism pushed Bitcoin’s price higher in the run-up to the halving."
2024-01-03,10:00:00,"X influencers like @CryptoWhale post about imminent Bitcoin ETF approval, saying “SEC’s about to change the game.”"
2024-01-04,14:00:00,"X users discuss ETF rumors, posting “Bitcoin ETF is a done deal, price to $50k soon,” driving bullish sentiment."
2024-01-06,12:30:00,"A steep decline in global oil prices resulted in a liquidity squeeze across traditional financial markets. As investors searched for non-correlated assets, Bitcoin experienced a rally, reflecting its emerging status as a digital alternative."
2024-01-08,09:30:00,"BlackRock posts ETF application update on X, with users reacting: “Institutional money coming, BTC to the moon!”"
2024-01-09,13:00:00,"Grayscale’s X post about ETF readiness sparks comments like “ETFs mean BTC mainstream, buy now,” boosting optimism."
2024-01-26,12:45:00,"An acclaimed financial analyst released bullish forecasts, which were widely circulated through financial media. The positive commentary drove a short-term surge in Bitcoin’s price as market sentiment shifted toward optimism."
2024-02-15,13:00:00,"Data indicating a significant increase in on-chain transaction volumes suggested robust accumulation by long-term holders. This technical signal boosted investor confidence, resulting in a positive impact on Bitcoin’s market sentiment."
2024-03-04,13:00:00,"X chatter on ETF inflows grows, with posts like “Big money piling into BTC, all-time highs soon,” signaling a rally."
2024-03-06,13:15:00,"Regulatory updates in key markets alleviated investors' fears over future restrictions, prompting a new wave of institutional inflows into Bitcoin. The event contributed to renewed market optimism and a sustained period of buying pressure."
2024-03-26,13:30:00,"A coordinated social media campaign highlighting Bitcoin’s innovative technology spurred a burst of retail buying. The widespread online support turned sentiment bullish and helped drive a notable short-term price increase."
2024-04-15,13:45:00,"Geopolitical tensions in major economies heightened fears of economic instability, driving investors toward safe-haven assets like Bitcoin. The increased demand resulting from global uncertainty led to a sharp spike in Bitcoin's price."
2024-05-05,14:00:00,"An exclusive interview with a leading crypto expert provided in-depth analysis of long-term market trends, sparking renewed speculative interest. The insights shared contributed to a positive outlook and an upward movement in Bitcoin’s price."
2024-05-25,14:15:00,"Renewed institutional participation from hedge funds and family offices signaled a shift toward more sophisticated market strategies. This growing institutional interest pushed Bitcoin’s price higher, reflecting market maturation."
2024-06-14,14:30:00,"Historic lows in Bitcoin’s network transaction fees were reported alongside optimistic adoption forecasts. This technical improvement was seen as a precursor to greater scalability and mass adoption, bolstering investor sentiment."
2024-07-04,14:45:00,"A major payment processor announced its integration of Bitcoin into its payment ecosystem, significantly enhancing its mainstream credibility. This move triggered a modest rally as the cryptocurrency gained further validation as a usable asset."
2024-07-24,15:00:00,"Persistent media coverage of Bitcoin’s resilience amid market volatility attracted a new wave of retail investors. The renewed interest contributed to a steady upward price trend and strengthened overall market sentiment."
2024-08-13,15:15:00,"An important network upgrade reduced transaction costs and latencies on the Bitcoin blockchain, leading to an immediate surge in investor confidence. This technological improvement was quickly reflected in Bitcoin’s price."
2024-09-02,15:30:00,"Concerns over the stability of traditional financial systems drove a capital shift toward decentralized assets. The resulting influx of funds into Bitcoin marked a significant price surge driven by a flight to safety."
2024-09-22,15:45:00,"A comprehensive report revealed substantial improvements in Bitcoin mining efficiency and reduced environmental impact. The positive findings alleviated long-standing ecological concerns, improving market sentiment toward Bitcoin."
2024-10-12,16:00:00,"Emerging markets saw a rapid increase in Bitcoin adoption as several nations began integrating it into their financial systems. This trend contributed to a robust global rebound in Bitcoin’s price as investor interest grew."
2024-11-01,16:15:00,"After a brief correction, coordinated buying by large institutional players helped stabilize Bitcoin’s price, marking a turning point in market sentiment. The event signaled renewed confidence in Bitcoin’s long-term growth prospects."
2025-04-02,08:00:00,"Trump announces reciprocal tariffs on X, with users posting “Trade war fears could crash BTC, sell-off starting.”"
2025-04-09,07:30:00,"Trump posts about a 90-day tariff pause, leading to X posts like “Relief rally for BTC, tariffs off for now!”"